position,soluble,membrane
1,1.0,0.0
2,0.99999999923426,7.657400668326473E-10
3,0.9999999985549552,1.4450447706164834E-9
4,0.9999993568232434,6.431767566738116E-7
5,0.9999657717338644,3.4228266135687434E-5
6,0.9999634474095193,3.655259048065576E-5
7,0.9999599771968878,4.002280311219508E-5
8,0.9999597792170677,4.022078293226618E-5
9,0.999949877215598,5.0122784401994644E-5
10,0.9996180892245696,3.819107754303792E-4
11,0.9978552630211948,0.0021447369788052733
12,0.9826606819141076,0.017339318085892393
13,0.7041448205693148,0.2958551794306852
14,0.7040736308228879,0.29592636917711207
15,0.046405917639505516,0.9535940823604945
16,0.045039894311227284,0.9549601056887728
17,0.025283916019072386,0.9747160839809277
18,0.016168550051267317,0.9838314499487327
19,0.013789900658490374,0.9862100993415096
20,5.374786337100793E-5,0.9999462521366289
21,3.902711521183768E-5,0.9999609728847882
22,1.5204152681313405E-5,0.9999847958473187
23,1.0334166847117156E-5,0.9999896658331529
24,1.0117935891763374E-5,0.9999898820641083
25,1.0030314024304356E-5,0.9999899696859758
26,1.0059715812967919E-5,0.9999899402841871
27,1.025723345957235E-5,0.9999897427665404
28,1.3499665403960753E-5,0.999986500334596
29,3.207714839382093E-5,0.9999679228516062
30,1.5875048514456507E-4,0.9998412495148555
31,9.560237359915928E-4,0.9990439762640084
32,0.0014501162422735326,0.9985498837577265
33,0.005764995699541523,0.9942350043004584
34,0.010562180723541354,0.9894378192764587
35,0.035990864507887035,0.964009135492113
36,0.28842514774926187,0.7115748522507382
37,0.44625728983841767,0.5537427101615824
38,0.9948954255838794,0.0051045744161206386
39,0.9985765575755278,0.0014234424244722542
40,0.9988887778387309,0.0011112221612692309
41,0.9990182141425772,9.817858574228374E-4
42,0.9990693808113258,9.306191886742178E-4
43,0.9999639424370724,3.60575629276308E-5
44,0.9995500615597166,4.4993844028350685E-4
45,0.9990399520807163,9.600479192836891E-4
46,0.998857428415263,0.0011425715847369416
47,0.998568496093831,0.0014315039061690285
48,0.9829847812162976,0.01701521878370241
49,0.9823576907674627,0.017642309232537283
50,0.9755524424491948,0.024447557550805132
51,0.9750602003559309,0.024939799644069078
52,0.9741723166792133,0.025827683320786728
53,0.9714981212580127,0.028501878741987265
54,0.9712560625664056,0.02874393743359442
55,0.9705808346530992,0.029419165346900845
56,0.9686789850794992,0.03132101492050087
57,0.9685660763119929,0.031433923688007195
58,0.9684820944802989,0.03151790551970102
59,0.9684779835300973,0.03152201646990269
60,0.9684792987503463,0.03152070124965365
61,0.9684786099469483,0.03152139005305173
62,0.9685114194759048,0.031488580524095214
63,0.9689898271729255,0.03101017282707446
64,0.9696307031533151,0.030369296846684834
65,0.9696475595386395,0.030352440461360507
66,0.9697690917750672,0.030230908224932865
67,0.97033064973294,0.029669350267059923
68,0.9704168403788774,0.029583159621122644
69,0.9706682154600992,0.02933178453990082
70,0.9796841943860138,0.020315805613986205
71,0.9989613415908317,0.0010386584091683628
72,0.9993611743022384,6.388256977615804E-4
73,0.9993952196628018,6.047803371982141E-4
74,0.9993966564490108,6.033435509892204E-4
75,0.9994214195972908,5.785804027091964E-4
76,0.9999173863968084,8.26136031916719E-5
77,0.9999341154260664,6.588457393368662E-5
78,0.9999109540944539,8.904590554608565E-5
79,0.9984573844011577,0.0015426155988423026
80,0.9966819472033919,0.0033180527966081737
81,0.9311146213474322,0.06888537865256784
82,0.7457693055696488,0.2542306944303511
83,0.5688289400025616,0.43117105999743843
84,0.5221377907356337,0.4778622092643663
85,0.5081181633518782,0.4918818366481219
86,0.4452629272558084,0.5547370727441915
87,0.24742930827978898,0.7525706917202111
88,0.1612862632677705,0.8387137367322294
89,0.13449941309568372,0.8655005869043162
90,0.08636185674541051,0.9136381432545896
91,0.060291110870971804,0.9397088891290283
92,0.04790151209233474,0.9520984879076653
93,0.03381062226067377,0.9661893777393263
94,0.028368214473413627,0.9716317855265864
95,0.017645634365780274,0.9823543656342199
96,0.003322343029509248,0.9966776569704907
97,6.920221990460164E-4,0.9993079778009539
98,5.65767445071461E-4,0.9994342325549285
99,2.0875870453036636E-4,0.9997912412954696
100,4.8740370992008314E-4,0.9995125962900799
101,0.001933744296983286,0.9980662557030168
102,0.006600420703507896,0.993399579296492
103,0.01591618505185586,0.9840838149481441
104,0.07423413157456676,0.9257658684254332
105,0.2018200582003604,0.7981799417996396
106,0.3282547212946417,0.6717452787053583
107,0.3490951600957991,0.6509048399042009
108,0.3595172752976458,0.6404827247023541
109,0.5220324378450241,0.47796756215497593
110,0.7910501547303552,0.20894984526964488
111,0.9248109988962182,0.07518900110378175
112,0.9290127678541613,0.07098723214583869
113,0.9327564079294918,0.06724359207050828
114,0.9503802566146584,0.04961974338534155
115,0.960370620213619,0.03962937978638108
116,0.9685251573454251,0.031474842654574973
117,0.9717847547648478,0.028215245235152217
118,0.9791065911183209,0.02089340888167906
119,0.9927936959371579,0.007206304062841962
120,0.9941894011575619,0.0058105988424380795
121,0.9859666753877416,0.014033324612258414
122,0.9756060495281712,0.0243939504718287
123,0.6413134380321511,0.3586865619678489
124,0.27254607751319687,0.7274539224868032
125,0.04669872202772351,0.9533012779722765
126,0.025673347575160734,0.9743266524248392
127,0.01036466787845973,0.9896353321215402
128,0.003715250703443288,0.9962847492965567
129,0.0015347118816153773,0.9984652881183846
130,8.58568655604286E-4,0.9991414313443957
131,5.738990058778636E-4,0.9994261009941221
132,4.746363527591612E-4,0.9995253636472409
133,3.6148033798977605E-4,0.9996385196620102
134,1.770613975749508E-4,0.999822938602425
135,1.739239035784544E-4,0.9998260760964216
136,1.653194793170093E-4,0.999834680520683
137,1.6980762586262242E-4,0.9998301923741374
138,2.4040675779363232E-4,0.9997595932422063
139,4.6360227266076666E-4,0.9995363977273392
140,7.533189376416832E-4,0.9992466810623583
141,0.002570889554898032,0.997429110445102
142,0.005940673411141635,0.9940593265888584
143,0.04608851513683284,0.9539114848631671
144,0.08418974593784447,0.9158102540621554
145,0.13967395217410813,0.8603260478258918
146,0.4742481375790418,0.5257518624209582
147,0.863487912351762,0.13651208764823794
148,0.9909042449129927,0.009095755087007284
149,0.9970501571802323,0.002949842819767634
150,0.9974616869330281,0.0025383130669718963
151,0.998887040501274,0.0011129594987260094
152,0.9991283702157073,8.716297842926046E-4
153,0.9990209892395367,9.790107604631748E-4
154,0.9988330803837011,0.001166919616298879
155,0.9986024577383202,0.001397542261679712
156,0.9981621463639389,0.0018378536360610335
157,0.976638740191454,0.023361259808546045
158,0.5855084961681551,0.4144915038318449
159,0.43367202505933944,0.5663279749406605
160,0.40335909328099373,0.5966409067190063
161,0.3915429406685667,0.6084570593314332
162,0.34091583877663384,0.659084161223366
163,0.20914454222504938,0.7908554577749507
164,0.1750048856091075,0.8249951143908925
165,0.15403202147023495,0.8459679785297651
166,0.14224744880966284,0.8577525511903371
167,0.008522648818665938,0.9914773511813341
168,0.005191769325170235,0.9948082306748298
169,0.002636256511681746,0.9973637434883181
170,0.002073971456646073,0.997926028543354
171,0.0018489400841388646,0.9981510599158612
172,0.001806345232750678,0.9981936547672493
173,0.0018066779974336823,0.9981933220025663
174,0.0018182098248737779,0.9981817901751262
175,0.0021114948481040755,0.9978885051518959
176,0.0025604927799205033,0.9974395072200796
177,0.003578084145847502,0.9964219158541524
178,0.005539482530115782,0.9944605174698843
179,0.015011320623779663,0.9849886793762204
180,0.08806353818584434,0.9119364618141557
181,0.604166682822895,0.395833317177105
182,0.699947101074568,0.3000528989254319
183,0.7297425048162343,0.27025749518376574
184,0.758008128955984,0.24199187104401598
185,0.7679006253301401,0.23209937466985986
186,0.8296678773714309,0.17033212262856912
187,0.8752130797166329,0.12478692028336712
188,0.8803116699998742,0.1196883300001259
189,0.8893855330193535,0.11061446698064636
190,0.9955788747817234,0.00442112521827672
191,0.980594895985201,0.019405104014799036
192,0.9734983255457179,0.0265016744542821
193,0.9454713943950932,0.0545286056049069
194,0.7542511343544249,0.24574886564557497
195,0.1445025017044277,0.8554974982955724
196,0.024758674138238384,0.9752413258617616
197,0.0074546631791170236,0.9925453368208831
198,0.002801042759809556,0.9971989572401905
199,0.0014259979776337591,0.9985740020223661
200,0.0013270912546215934,0.9986729087453784
201,0.0013136277732656238,0.9986863722267344
202,0.0012858237569160396,0.998714176243084
203,0.0012641762967886007,0.9987358237032113
204,0.001253630647804174,0.9987463693521959
205,0.0012533344953774609,0.9987466655046225
206,0.0012537024603809595,0.998746297539619
207,0.0012558974663820872,0.9987441025336179
208,0.001292641865119082,0.998707358134881
209,0.0019188064366477684,0.9980811935633521
210,0.008518703442477514,0.9914812965575225
211,0.034652109037764216,0.9653478909622357
212,0.14248232823478404,0.8575176717652159
213,0.41591083197654427,0.5840891680234558
214,0.6422344460909486,0.35776555390905135
215,0.91376545672979,0.08623454327020988
216,0.9301828587270466,0.0698171412729534
217,0.9497200527947328,0.05027994720526715
218,0.9942517387907012,0.005748261209298903
219,0.9971753135740022,0.0028246864259977873
220,0.998743191069122,0.0012568089308780514
221,0.999162949716852,8.370502831479147E-4
222,0.9999748442856606,2.515571433928183E-5
223,0.9999988681408164,1.1318591836595614E-6
224,0.9999978494454201,2.150554579774166E-6
225,0.9999973294424153,2.670557584676968E-6
226,0.9999835676804275,1.6432319572484877E-5
227,0.9999728634402821,2.7136559717862715E-5
228,0.9999309399562015,6.906004379846838E-5
229,0.9997672062264356,2.32793773564423E-4
230,0.99773607434277,0.0022639256572299996
231,0.9972616027563072,0.0027383972436927505
232,0.9970504922185257,0.0029495077814741984
233,0.9969297757051387,0.0030702242948612295
234,0.9968555345434699,0.0031444654565301934
235,0.9968429991071507,0.0031570008928492733
236,0.996841884620451,0.0031581153795490636
237,0.9968399270686121,0.003160072931387799
238,0.9965865082435161,0.003413491756483787
239,0.9963980797657876,0.003601920234212217
240,0.9955393779999336,0.0044606220000663445
241,0.9937732083866501,0.006226791613349938
242,0.9864339214428508,0.013566078557149116
243,0.8847329593249699,0.11526704067503012
244,0.6812961446461617,0.31870385535383833
245,0.6103406419575764,0.3896593580424236
246,0.5514645362246146,0.44853546377538533
247,0.21310263345922617,0.7868973665407739
248,0.18579006625341143,0.8142099337465885
249,0.13672212392447922,0.8632778760755208
250,0.1281801504289696,0.8718198495710303
251,0.047975728008450125,0.9520242719915498
252,0.025236540371964263,0.9747634596280358
253,0.02379307673200131,0.9762069232679986
254,0.017845773959466352,0.9821542260405337
255,0.012365936202931907,0.9876340637970681
256,0.007583870875365494,0.9924161291246346
257,0.00414900440968159,0.9958509955903184
258,0.002364268758353644,0.9976357312416463
259,5.805440641965763E-4,0.9994194559358034
260,2.9411462359572616E-4,0.9997058853764043
261,2.5171151332446405E-4,0.9997482884866756
262,6.352152222485441E-4,0.9993647847777514
263,0.002518380263733303,0.9974816197362667
264,0.007420472337333411,0.9925795276626665
265,0.02329001116879978,0.9767099888312003
266,0.10868705199724878,0.8913129480027513
267,0.32802370227698585,0.6719762977230143
268,0.38142185297709447,0.6185781470229056
269,0.4478710950308203,0.5521289049691797
270,0.8106481430049457,0.18935185699505436
271,0.8323843811059084,0.16761561889409154
272,0.9038758188169667,0.09612418118303337
273,0.9096183836031467,0.09038161639685326
274,0.9521700574105748,0.047829942589425176
275,0.9577272578865454,0.042272742113454595
276,0.9575686299371444,0.042431370062855626
277,0.9511766511704194,0.04882334882958063
278,0.9413846963267276,0.05861530367327253
279,0.9374831058666642,0.06251689413333579
280,0.9382465559640468,0.06175344403595317
281,0.9342984397420948,0.06570156025790515
282,0.9217832700791784,0.07821672992082164
283,0.826207787290518,0.1737922127094819
284,0.4359202433036057,0.5640797566963943
285,0.3527016366016564,0.6472983633983437
286,0.07605165349039127,0.9239483465096087
287,0.045984949016005826,0.9540150509839941
288,0.023269672798862672,0.9767303272011373
289,0.012031663988941762,0.9879683360110583
290,0.008929158195757457,0.9910708418042425
291,0.004138341059810082,0.99586165894019
292,0.002578438080343625,0.9974215619196564
293,0.0010337663706177674,0.9989662336293822
294,6.441990716107748E-4,0.9993558009283892
295,6.67790373933605E-4,0.9993322096260665
296,0.0013902054229004911,0.9986097945770995
297,0.00297534286352625,0.9970246571364737
298,0.0021122994608677574,0.9978877005391322
299,0.0019797711056439445,0.998020228894356
300,0.001935066650897423,0.9980649333491026
301,0.0025985190969926575,0.9974014809030074
302,0.0037340989260009746,0.996265901073999
303,0.005161485055428103,0.9948385149445719
304,0.006060021064423572,0.9939399789355764
305,0.011617555177880493,0.9883824448221195
306,0.058965693745500564,0.9410343062544994
307,0.4025072344355624,0.5974927655644376
308,0.512929678565637,0.487070321434363
309,0.899998308083779,0.10000169191622109
310,0.9126662925581103,0.08733370744188972
311,0.9348497014411622,0.06515029855883785
312,0.9514829231918037,0.04851707680819638
313,0.9859935742917725,0.014006425708227525
314,0.9983609163658422,0.0016390836341578115
315,0.9985602048808812,0.0014397951191188654
316,0.9992078407908923,7.921592091075846E-4
317,0.9993190241708486,6.809758291514564E-4
318,0.9999167032928625,8.32967071374223E-5
319,0.9997199884454717,2.800115545283416E-4
320,0.9981399190806248,0.0018600809193751694
321,0.9974933988051771,0.0025066011948228946
322,0.9972610855154969,0.0027389144845031965
323,0.9951621380341463,0.0048378619658537144
324,0.9944205480857011,0.005579451914298873
325,0.9909630179771506,0.009036982022849374
326,0.9874135558473458,0.01258644415265415
327,0.8925266363341949,0.10747336366580498
328,0.45930714335183653,0.5406928566481635
329,0.31351912229054046,0.6864808777094594
330,0.29938044124829594,0.7006195587517041
331,0.19534538740450466,0.8046546125954953
332,0.1551889421276835,0.8448110578723165
333,0.10070926294408952,0.8992907370559106
334,0.054387969061368294,0.9456120309386318
335,0.04009066874931657,0.9599093312506833
336,0.008657065954957006,0.9913429340450429
337,0.003204672932586527,0.9967953270674135
338,0.0019375767502037649,0.9980624232497962
339,0.001576696863864963,0.9984233031361349
340,0.001408176010842981,0.998591823989157
341,0.0013631490757867206,0.9986368509242133
342,0.0016225196742279415,0.9983774803257721
343,0.0037770493292462416,0.9962229506707538
344,0.0042295938217778726,0.9957704061782221
345,0.005626512884426149,0.9943734871155739
346,0.017886175298922148,0.9821138247010779
347,0.03622717994561219,0.9637728200543879
348,0.07525748219856433,0.9247425178014357
